naam,bestand,bron,sha256
ADR 1,ADR_1.svg,https://safetyforms.nl/pictograms/ADR_1.svg,065d630875b1dbc1150f75e48e94ccd87a0b549000daa25af58256a4b7d51628
ADR 2,ADR_2.svg,https://safetyforms.nl/pictograms/ADR_2.svg,b4489ec578f126a38af9059a8f17fd21c0a869d6dd8554f51ff575bef48e0fe6
ADR 2.1,ADR_2.1.svg,https://safetyforms.nl/pictograms/ADR_2.1.svg,4f324d9a04623d3e0494fde1d9cfe114c320b686ebb861eda36bb0390bacfe62
ADR 2.2,ADR_2.2.svg,https://safetyforms.nl/pictograms/ADR_2.2.svg,656542e4f12321fa8f3567e847a552f0e61cb606ea73f5160910dc94e548c8c1
ADR 3,ADR_3.svg,https://safetyforms.nl/pictograms/ADR_3.svg,fd7ec4d3bd6efaa35c939bdb5d95e75bf075e40db931743d0eed2c309122e0cc
ADR 4.1,ADR_4.1.svg,https://safetyforms.nl/pictograms/ADR_4.1.svg,383bcfc578a6727f3ed32f8e1643c6fb177d969bfc2bf38aa49284b9682ab3b5
ADR 4.2,ADR_4.2.svg,https://safetyforms.nl/pictograms/ADR_4.2.svg,710c0a7ca65983538d7536d74f241ba37943afeac554c61960ca6b709f61f089
ADR 4.3,ADR_4.3.svg,https://safetyforms.nl/pictograms/ADR_4.3.svg,f8106b33317f9f6fb0f655a1bfd636828f2ba175619a667fb939279d466d4703
ADR 5.1,ADR_5.1.svg,https://safetyforms.nl/pictograms/ADR_5.1.svg,0578c0a694ee8a1598901cbe8428ac5e634644712f4cad2eefb155b21965109b
ADR 5.2,ADR_5.2.svg,https://safetyforms.nl/pictograms/ADR_5.2.svg,53b6affe4e225ccf7aa50d5ca53a8a4e056a21b71121450dcdca9b9782fdb322
ADR 6.1,ADR_6.1.svg,https://safetyforms.nl/pictograms/ADR_6.1.svg,32de7a15a38975f6975d1987fdb3b5ca6a86431706ec300742bf2128c18944cc
ADR 6.2,ADR_6.2.svg,https://safetyforms.nl/pictograms/ADR_6.2.svg,8e19b031b1e8bd336c6ed1c557274e1bc8a98414be89afaec85ce549b4e78b79
ADR 7A,ADR_7A.svg,https://safetyforms.nl/pictograms/ADR_7A.svg,2e31805015b6a8e8a72227088c99c5809dc696b143cc4ead9122d5a8b3d35dda
ADR 7B,ADR_7B.svg,https://safetyforms.nl/pictograms/ADR_7B.svg,069393f6d5e1712df8da7f9125213140e4253b5fa921de8ba79152cc38949a48
ADR 7C,ADR_7C.svg,https://safetyforms.nl/pictograms/ADR_7C.svg,f2f6021073833556c2e297b5ed72690c6159f4a0b93f19b3fd94f8b918c9d346
ADR 7E,ADR_7E.svg,https://safetyforms.nl/pictograms/ADR_7E.svg,455798ea6d93e732ed2491c3b15e464e0606240438b3290f062feb64a27d663b
ADR 8,ADR_8.svg,https://safetyforms.nl/pictograms/ADR_8.svg,4571c27f081bc958b34dc8a8abb785ef1e9909300fe829f75f26b54d204f740d
ADR 9,ADR_9.svg,https://safetyforms.nl/pictograms/ADR_9.svg,c77510213c1a40e35091a9f73c29e8c1d83b8f5f674887f3a5c28371cce93d9f
ADR 9A,ADR_9A.svg,https://safetyforms.nl/pictograms/ADR_9A.svg,fc3fa68454aacd01da4658815e71f356bdbc1e4a6d774fbf280ac13092bffb7a
favicon,favicon.svg,https://safetyforms.nl/favicon/favicon.svg,e1d26c70c7eee065354e30f2e3f727a9c248d8fd040854c695dc986241f6a07a
ISO 7010 E001,ISO_7010_E001.svg,https://safetyforms.nl/pictograms/ISO_7010_E001.svg,983ce854984c77715ad22c2e26260c18eff61edff22af4af30c1bd104ebd9295
ISO 7010 E002,ISO_7010_E002.svg,https://safetyforms.nl/pictograms/ISO_7010_E002.svg,df18a1b81e7dc5cc296cf07e9e5dd20553ca7a2ef774831b826e34ce5bdff81d
ISO 7010 E003,ISO_7010_E003.svg,https://safetyforms.nl/pictograms/ISO_7010_E003.svg,69c1119933d8b1294b395388e8d753dfac9e5f51df45fdcc6fe5197e02248e8c
ISO 7010 E004,ISO_7010_E004.svg,https://safetyforms.nl/pictograms/ISO_7010_E004.svg,9134df5e356d3d6d65474197966c61bc25dadbbe80f3f875a89c2afebc357d59
ISO 7010 E007,ISO_7010_E007.svg,https://safetyforms.nl/pictograms/ISO_7010_E007.svg,680b2ff0ef141beb0addd079e40746907e053cb3973ec4c01963c5b3fef4fb2a
ISO 7010 E008,ISO_7010_E008.svg,https://safetyforms.nl/pictograms/ISO_7010_E008.svg,0166b5326ea2977a2b0bb3ed608c63361ff0f7c2ed051d6cd2f929a6429be14b
ISO 7010 E009,ISO_7010_E009.svg,https://safetyforms.nl/pictograms/ISO_7010_E009.svg,0d6af571b022fc3896dfa3fcf249f14bc36ea75f14e6ebed3e91f2bc092cd5f9
ISO 7010 E010,ISO_7010_E010.svg,https://safetyforms.nl/pictograms/ISO_7010_E010.svg,db6103f5cb7a29a8cfcd283c8be6761f9b7b17410944ba7682a1fe5470f82973
ISO 7010 E011,ISO_7010_E011.svg,https://safetyforms.nl/pictograms/ISO_7010_E011.svg,ab415aa37a1d5ec2412e79e6e141e23756714c28b868cd8971bd0673003a3597
ISO 7010 E012,ISO_7010_E012.svg,https://safetyforms.nl/pictograms/ISO_7010_E012.svg,50d3e2f441ec1e113adc7dd113750b8df4a0fb6824e0cad487487d24bbfb11f4
ISO 7010 E013,ISO_7010_E013.svg,https://safetyforms.nl/pictograms/ISO_7010_E013.svg,0e53dc67e33215d50c0a78e4e11fcd5626c5a9620795a1a6a03196427bec1ab7
ISO 7010 E014,ISO_7010_E014.svg,https://safetyforms.nl/pictograms/ISO_7010_E014.svg,8112ec51db82af4734dd35ce955722741ee735e071cc2821df5c6ea2f6003387
ISO 7010 E015,ISO_7010_E015.svg,https://safetyforms.nl/pictograms/ISO_7010_E015.svg,f51ec1022f98207372dba86adc2f539e4799080b1700667d0e69bd4578092e15
ISO 7010 E016,ISO_7010_E016.svg,https://safetyforms.nl/pictograms/ISO_7010_E016.svg,7b2d35f540d690a189e81674790e50ced5fc20d67e6c672b668499f9e4575679
ISO 7010 E017,ISO_7010_E017.svg,https://safetyforms.nl/pictograms/ISO_7010_E017.svg,7faa9c4e10f2dd43c21da92e98ed1c2b396ed92d50a5d9eb1d1590c0b352b09f
ISO 7010 E018,ISO_7010_E018.svg,https://safetyforms.nl/pictograms/ISO_7010_E018.svg,33b0ad3b184be5f3808a5d3345854b7c91ebfdfe872dff5d0c98e19db1046882
ISO 7010 E019,ISO_7010_E019.svg,https://safetyforms.nl/pictograms/ISO_7010_E019.svg,64caa9538029dcb6bb0f7bece80a3198e56bcf384b391bb823a9d3613e46a5dc
ISO 7010 E020,ISO_7010_E020.svg,https://safetyforms.nl/pictograms/ISO_7010_E020.svg,2948706cee290fe087aed11d727fbb903762c741aee7fdca30201d2b111b55f8
ISO 7010 E021,ISO_7010_E021.svg,https://safetyforms.nl/pictograms/ISO_7010_E021.svg,b3a083f7161d3caa9c5261b2628d0d758a773ae4cc356ab88c0ba84bb2b3e1e2
ISO 7010 E022,ISO_7010_E022.svg,https://safetyforms.nl/pictograms/ISO_7010_E022.svg,ab14492f95739252db67032e4fec4fb94caf84f3af012f90de2b448199da8735
ISO 7010 E023,ISO_7010_E023.svg,https://safetyforms.nl/pictograms/ISO_7010_E023.svg,ab5a8c9c531dfa975dbb8f96827aa09126215a45a3cd2d4e4bfe0e860d7789d2
ISO 7010 E024,ISO_7010_E024.svg,https://safetyforms.nl/pictograms/ISO_7010_E024.svg,3644850476b1388e60c0151d1ee2c81be9784f105ece19540f0fe6e63148a961
ISO 7010 E025,ISO_7010_E025.svg,https://safetyforms.nl/pictograms/ISO_7010_E025.svg,e48f3ea03d62664fa3f71b128d33796b5e54c34a6b33e7399f617820cd989f42
ISO 7010 E026,ISO_7010_E026.svg,https://safetyforms.nl/pictograms/ISO_7010_E026.svg,cb0c820dd6484158c350c9acb7ebbaba010c53c34bb1e9f89160b93dbc53ceeb
ISO 7010 E027,ISO_7010_E027.svg,https://safetyforms.nl/pictograms/ISO_7010_E027.svg,176ef5b96bfe4634a678286501b505f56e1324827a885636cb19dfbe6936429b
ISO 7010 E028,ISO_7010_E028.svg,https://safetyforms.nl/pictograms/ISO_7010_E028.svg,bd6647a6b69071259aeea23aa665d4c1da493ca41b5c3ed0c756e95814f28380
ISO 7010 E029,ISO_7010_E029.svg,https://safetyforms.nl/pictograms/ISO_7010_E029.svg,607c8da12e889e9d6c7019d27801072e9ee382721b65788fcd2ce51812f0e221
ISO 7010 E030,ISO_7010_E030.svg,https://safetyforms.nl/pictograms/ISO_7010_E030.svg,50ae257f4d57fecd1fa8527cced17b8e867eae9970fdd7acda469adf818f3d97
ISO 7010 E031,ISO_7010_E031.svg,https://safetyforms.nl/pictograms/ISO_7010_E031.svg,74aea3d311508d0dfb36e0281b16f60028680f310b8eda7e4102382c22c09bc5
ISO 7010 E032,ISO_7010_E032.svg,https://safetyforms.nl/pictograms/ISO_7010_E032.svg,481b33ed18c23b1f71387f5e3c91ee6ebddd94e80d5bcfe424802fd4a9a9bd13
ISO 7010 E033,ISO_7010_E033.svg,https://safetyforms.nl/pictograms/ISO_7010_E033.svg,4942c4262bbda9e6bd9175c5ab24f0e258aa39b63ee3ec115348a0870bb897b0
ISO 7010 E034,ISO_7010_E034.svg,https://safetyforms.nl/pictograms/ISO_7010_E034.svg,28a458345f1343de1bb3daaedeb4fea0ea887e5fe48888580753f903fc1b6ab3
ISO 7010 E035,ISO_7010_E035.svg,https://safetyforms.nl/pictograms/ISO_7010_E035.svg,ccf5f761dc4df94b363f5fab0a50ffe2ebec2c4858ea80858c198aee53f0d7ea
ISO 7010 E036,ISO_7010_E036.svg,https://safetyforms.nl/pictograms/ISO_7010_E036.svg,aa18fe20528430a8786009378d08a9b1d556347502bfb896057e25f9cfd1119b
ISO 7010 E037,ISO_7010_E037.svg,https://safetyforms.nl/pictograms/ISO_7010_E037.svg,10d48b690bb1f8bfae0005e3c99a5a2f1f9453079ddb4f42f6b7793cc380c131
ISO 7010 E038,ISO_7010_E038.svg,https://safetyforms.nl/pictograms/ISO_7010_E038.svg,1e23b8733a71bf5fec03be54521ab047558fad2a9fe25bdeb9ab15e25b4b3978
ISO 7010 E039,ISO_7010_E039.svg,https://safetyforms.nl/pictograms/ISO_7010_E039.svg,89459c1050b34248dc8a55d85512223f9f53d5575a671f9c96814fc184fb1904
ISO 7010 E040,ISO_7010_E040.svg,https://safetyforms.nl/pictograms/ISO_7010_E040.svg,de92693b26ac3f6c8a527d20f40f4536a49cbe4113433c7000f0b75ad7fe7bdf
ISO 7010 E041,ISO_7010_E041.svg,https://safetyforms.nl/pictograms/ISO_7010_E041.svg,5a6eedabca21776b33a41467dd26d0491203ab8cb703cfb9750f8be0c5ed8c27
ISO 7010 E042,ISO_7010_E042.svg,https://safetyforms.nl/pictograms/ISO_7010_E042.svg,e60afc62de88c8e11565c4fcf5eef88c8bfc87d4696596c2674ffea775c15d1c
ISO 7010 E043,ISO_7010_E043.svg,https://safetyforms.nl/pictograms/ISO_7010_E043.svg,5a6809e06cf240c998e1798bba1cbceca81ff265eb540c870bdf6134d1ddea94
ISO 7010 E044,ISO_7010_E044.svg,https://safetyforms.nl/pictograms/ISO_7010_E044.svg,f64fe7abcd9391f6c9cf4fe1b43ac038fbdac35b9c3a58906ad9f9f3fa63d85d
ISO 7010 E045,ISO_7010_E045.svg,https://safetyforms.nl/pictograms/ISO_7010_E045.svg,89c06f3814adaec144d03e3a3cfbf7870edb6dc2c8c16fd461c92ece78e0bb62
ISO 7010 E046,ISO_7010_E046.svg,https://safetyforms.nl/pictograms/ISO_7010_E046.svg,5a83fb760271693013ed8e77264dbd101c70ec52aa110a14341555446dbe7546
ISO 7010 E047,ISO_7010_E047.svg,https://safetyforms.nl/pictograms/ISO_7010_E047.svg,55e80b79ec91807e3fb7b654069eeb7aa63eb58b9ddb70fd25b1418e1d738ab6
ISO 7010 E048,ISO_7010_E048.svg,https://safetyforms.nl/pictograms/ISO_7010_E048.svg,b75e7e5865cfea196695255add6bd689f2cc449b78615603948afbe53d33af76
ISO 7010 E049,ISO_7010_E049.svg,https://safetyforms.nl/pictograms/ISO_7010_E049.svg,22e4dffaece9b662226a0bb7d1f4e11f2adbbf161460330b7bf993f87ccc08e0
ISO 7010 E050,ISO_7010_E050.svg,https://safetyforms.nl/pictograms/ISO_7010_E050.svg,f8c46a9b678af1217b0c5d25603a8dfc880190f14318832bef0a344161eb7142
ISO 7010 E051,ISO_7010_E051.svg,https://safetyforms.nl/pictograms/ISO_7010_E051.svg,b8538a6a4fcba10a2e207dc12768613c6cb5dfb29780a7b3b96c69918a372f70
ISO 7010 E052,ISO_7010_E052.svg,https://safetyforms.nl/pictograms/ISO_7010_E052.svg,2c5a166dbc6ca7f3edbb9083ef96647b30f704ebc4af0de0b862736d3d38c17a
ISO 7010 E053,ISO_7010_E053.svg,https://safetyforms.nl/pictograms/ISO_7010_E053.svg,4f7aed956b022c1906bd368d3c48aafb4e2ee5278a5f0ca21e2ca1bf50217a56
ISO 7010 E054,ISO_7010_E054.svg,https://safetyforms.nl/pictograms/ISO_7010_E054.svg,e3275f6115d7cbc4beb189a5f68f99e711d82925bffef13449cfd96eb1339b78
ISO 7010 E055,ISO_7010_E055.svg,https://safetyforms.nl/pictograms/ISO_7010_E055.svg,1b7784d5385684a1fc8390f923c9baf68d308aa2c61b40c4c942584ad21765d5
ISO 7010 E056,ISO_7010_E056.svg,https://safetyforms.nl/pictograms/ISO_7010_E056.svg,44a12bc0b9d10b976e094086231266057f95d3c2763e004c9f3e657b04ba3c57
ISO 7010 E057,ISO_7010_E057.svg,https://safetyforms.nl/pictograms/ISO_7010_E057.svg,214e6de59f89684fccadb9ece2d97ade07ed19278580acaca8969513cd2cc2df
ISO 7010 E058,ISO_7010_E058.svg,https://safetyforms.nl/pictograms/ISO_7010_E058.svg,6293d05058724e0bfd8d8436398c70f40d4ba0c34a23f38b4e3014488ae11de7
ISO 7010 E059,ISO_7010_E059.svg,https://safetyforms.nl/pictograms/ISO_7010_E059.svg,422c0314f4c4e3cfe6d06330091ca64549f6aa4d8244cac3d03b1edfd675e9cf
ISO 7010 E060,ISO_7010_E060.svg,https://safetyforms.nl/pictograms/ISO_7010_E060.svg,5abd834775f89ed4f11cd852d471aeb2a63df7824ac8ffd66c8cec3ae2e35fa6
ISO 7010 E061,ISO_7010_E061.svg,https://safetyforms.nl/pictograms/ISO_7010_E061.svg,5f342028571abd0af607035876cf0ce34bb29046267a5f768a73e6cf1fe46772
ISO 7010 E062,ISO_7010_E062.svg,https://safetyforms.nl/pictograms/ISO_7010_E062.svg,ed8d030210bac2ccbd403a2e1acd3898f6b711e5e4a0b3d031cd0db97abf56a8
ISO 7010 E063,ISO_7010_E063.svg,https://safetyforms.nl/pictograms/ISO_7010_E063.svg,2f3b20f1d10c46d34b1ef49fb9efa6a088c64b107a710a9780fa5f1c17738cc1
ISO 7010 E064,ISO_7010_E064.svg,https://safetyforms.nl/pictograms/ISO_7010_E064.svg,42f4b4b9f6ad06d1a6294df80ae2b594908912105182f4825401bb47b9df1a87
ISO 7010 E065,ISO_7010_E065.svg,https://safetyforms.nl/pictograms/ISO_7010_E065.svg,5f14efaa589765d5c8d7ccdb605de279cb00f5a7e68b088279fac206c0415db2
ISO 7010 E067,ISO_7010_E067.svg,https://safetyforms.nl/pictograms/ISO_7010_E067.svg,919f5bc50a4b1105ab542398d3367bc8cb746678fe81f1db825a33bd23f7cc32
ISO 7010 E068,ISO_7010_E068.svg,https://safetyforms.nl/pictograms/ISO_7010_E068.svg,7c48a42d759179788525ee9f134eb9c5a6d5cc403141509088ba1fabdbf68aad
ISO 7010 E069,ISO_7010_E069.svg,https://safetyforms.nl/pictograms/ISO_7010_E069.svg,b59c50b3772b3e67aea1dad9f4f6619be3f0d3cb282dd413d4c858a3a3472323
ISO 7010 E070,ISO_7010_E070.svg,https://safetyforms.nl/pictograms/ISO_7010_E070.svg,c9c3885e8a30e1d2663b9b1408c31408e7772bd7ba0319419d645bfd5412e5fb
ISO 7010 E072,ISO_7010_E072.svg,https://safetyforms.nl/pictograms/ISO_7010_E072.svg,50dc5695085e32f0f6583225364d712ee1c12e62c46a0cb27fab7d3385a68d64
ISO 7010 E073,ISO_7010_E073.svg,https://safetyforms.nl/pictograms/ISO_7010_E073.svg,813d6ee8c2a89956498b9ba3aff0f75b34916c1500472c64589d3518d1b56442
ISO 7010 E074,ISO_7010_E074.svg,https://safetyforms.nl/pictograms/ISO_7010_E074.svg,709de8e3ce1662ec8ac0e45ee8f0e318fd8d7911aa9aab440ffb634e69d340e8
ISO 7010 E075,ISO_7010_E075.svg,https://safetyforms.nl/pictograms/ISO_7010_E075.svg,c2f2655de11fe5872643a95caf16fa420528d5f81b6e72da81911c8c27798e1d
ISO 7010 E076,ISO_7010_E076.svg,https://safetyforms.nl/pictograms/ISO_7010_E076.svg,652d1a287521548369968407893e314ac1c1407b8b75b58139d7558dd07384de
ISO 7010 F001,ISO_7010_F001.svg,https://safetyforms.nl/pictograms/ISO_7010_F001.svg,4332bf1212c3991852a5a51248d69f74f04ed7148d780227f569312fb8a19b6a
ISO 7010 F002,ISO_7010_F002.svg,https://safetyforms.nl/pictograms/ISO_7010_F002.svg,ea174e1b3dc4ae7f1a32233964cf29e0d1fad807a687c4152f2a2736a96bcffc
ISO 7010 F003,ISO_7010_F003.svg,https://safetyforms.nl/pictograms/ISO_7010_F003.svg,430a69a105d0cf7a32329a9d3461297e1d512febaeeb3d6619389c10c159542e
ISO 7010 F004,ISO_7010_F004.svg,https://safetyforms.nl/pictograms/ISO_7010_F004.svg,c25030b1116bb521ab0bfe899d99749b3f68bcdbef0bbdb65a63066aceecd12e
ISO 7010 F005,ISO_7010_F005.svg,https://safetyforms.nl/pictograms/ISO_7010_F005.svg,fdc8b69b9b2dc69c7499f9fb17a66db9bf2eb6c34f889e39ebf6fa8f5c3e78d2
ISO 7010 F006,ISO_7010_F006.svg,https://safetyforms.nl/pictograms/ISO_7010_F006.svg,ba5d76dcc84db8ae18966238fbbf999a12016695171dbb5e2fe761410f1d7db8
ISO 7010 F007,ISO_7010_F007.svg,https://safetyforms.nl/pictograms/ISO_7010_F007.svg,9fe0827cba7148b2141a20667f550b23d47397463581770adb661051dd435311
ISO 7010 F008,ISO_7010_F008.svg,https://safetyforms.nl/pictograms/ISO_7010_F008.svg,94976193f9cd4d02ec20ad00feffe580ce8355ceaf81308a53e5abcb8cb927d7
ISO 7010 F009,ISO_7010_F009.svg,https://safetyforms.nl/pictograms/ISO_7010_F009.svg,6f11d314d16d5b96f76b95d5b812800cd227d6a9b99e08e82b1017573632722b
ISO 7010 F010,ISO_7010_F010.svg,https://safetyforms.nl/pictograms/ISO_7010_F010.svg,2bf7c4e922a673fe167400c2216fa14b247dc4826cbf6babe22fd912ff73481e
ISO 7010 F011,ISO_7010_F011.svg,https://safetyforms.nl/pictograms/ISO_7010_F011.svg,69d109b55e1de78905b00c2f0ceb7a33dc7480f74458f548d8bfa9de80e10fb9
ISO 7010 F012,ISO_7010_F012.svg,https://safetyforms.nl/pictograms/ISO_7010_F012.svg,9dc2907491aa79cef719426f6c27c8cf092599e60765cc7b3dec89e686377cff
ISO 7010 F013,ISO_7010_F013.svg,https://safetyforms.nl/pictograms/ISO_7010_F013.svg,f4625d18e091a9ef1c8163dcc2117fa1d2e5ee83d9f2bc7bab257aa2fa16a5ba
ISO 7010 F014,ISO_7010_F014.svg,https://safetyforms.nl/pictograms/ISO_7010_F014.svg,c9e2ee9f9abb064a9f516a12132769cc26e4b835bc983c777b3e4ae95b518c90
ISO 7010 F015,ISO_7010_F015.svg,https://safetyforms.nl/pictograms/ISO_7010_F015.svg,ae9020a55140859dd1bd17a1759a32fffbe84217294b6dcf0e472f29b6e2ae24
ISO 7010 F016,ISO_7010_F016.svg,https://safetyforms.nl/pictograms/ISO_7010_F016.svg,e3fa3eca1a9694be36577d28275f2d72dbedb2a534990c7ea32b2f719f169332
ISO 7010 F017,ISO_7010_F017.svg,https://safetyforms.nl/pictograms/ISO_7010_F017.svg,53d666274a81f47c1aa4af47dd19ecc848613a5e5469fe0ae54cb5eff6b68e96
ISO 7010 F018,ISO_7010_F018.svg,https://safetyforms.nl/pictograms/ISO_7010_F018.svg,5e5c64ad8530d7436ca84a54a24a96ea00e6f19af29f2e8f5a7ea397202b8f30
ISO 7010 F019,ISO_7010_F019.svg,https://safetyforms.nl/pictograms/ISO_7010_F019.svg,0d2eca17bbc3f53a298ea3a0ef00487c361e5928a8552b75fc4ca5be97c9ab35
ISO 7010 M001,ISO_7010_M001.svg,https://safetyforms.nl/pictograms/ISO_7010_M001.svg,b206adca5f5a92e6ba32aeb821c8666e1389da664a3050a029fd2c4aadfb03d9
ISO 7010 M002,ISO_7010_M002.svg,https://safetyforms.nl/pictograms/ISO_7010_M002.svg,0767055e3c5e47733b19cc786b730610fc29c8744d58a8abc1ac48b1b92b3b7b
ISO 7010 M003,ISO_7010_M003.svg,https://safetyforms.nl/pictograms/ISO_7010_M003.svg,aebc9feaa0f852572acb571baab5e94ae6b7ce46d079ad55aa8c270870dda874
ISO 7010 M004,ISO_7010_M004.svg,https://safetyforms.nl/pictograms/ISO_7010_M004.svg,06e4e5a023dd6c4a82d6e89c645380e5d5c6d59c8c54049e86919404aab77108
ISO 7010 M005,ISO_7010_M005.svg,https://safetyforms.nl/pictograms/ISO_7010_M005.svg,cb1a937d682cfdd973a173caff39806b5418085c3503b8e1849e1353df431999
ISO 7010 M006,ISO_7010_M006.svg,https://safetyforms.nl/pictograms/ISO_7010_M006.svg,dfd08218562a2e054e61526163420ed10062bf78ac56f8dd08d725d1c8a4a323
ISO 7010 M007,ISO_7010_M007.svg,https://safetyforms.nl/pictograms/ISO_7010_M007.svg,04e94570ac00485b103a16e2b9a77a3abfa045dfd2717ad0b706d192a8dc1e2e
ISO 7010 M008,ISO_7010_M008.svg,https://safetyforms.nl/pictograms/ISO_7010_M008.svg,e0d1a150ba22ee9f4679a5b55e1e9fe0efc9a96f65e870efcab40b80fdcc648e
ISO 7010 M009,ISO_7010_M009.svg,https://safetyforms.nl/pictograms/ISO_7010_M009.svg,a76302365926ee18b4b18f841944ba530034046912ddb1be5ebfa18146a6dc47
ISO 7010 M010,ISO_7010_M010.svg,https://safetyforms.nl/pictograms/ISO_7010_M010.svg,5d22854cfd53e6988afe3bfed52ea8b3cb31cfe7c97a8eb3cf21424d2af5b6dc
ISO 7010 M011,ISO_7010_M011.svg,https://safetyforms.nl/pictograms/ISO_7010_M011.svg,7bbbc545802af875561fa4ecff03727911e75441438686c26948363316882ad8
ISO 7010 M012,ISO_7010_M012.svg,https://safetyforms.nl/pictograms/ISO_7010_M012.svg,c8502f889eced6ff71ec119d8269a9cf1cab7ac94f025a65b90008efac542879
ISO 7010 M013,ISO_7010_M013.svg,https://safetyforms.nl/pictograms/ISO_7010_M013.svg,8304103ae513461608042763d390aeaf203ab3bdf37b1f00dfdf25271835fef5
ISO 7010 M014,ISO_7010_M014.svg,https://safetyforms.nl/pictograms/ISO_7010_M014.svg,31583ac6fbc6da1e655639db771185050cdced7f7970e22be07d9c06f188f900
ISO 7010 M015,ISO_7010_M015.svg,https://safetyforms.nl/pictograms/ISO_7010_M015.svg,62797ddf32e4dc4873d9a402eb97cd10e7937281c2c9796c06be36680a57ed44
ISO 7010 M016,ISO_7010_M016.svg,https://safetyforms.nl/pictograms/ISO_7010_M016.svg,9788e4fb2306c2dbca5ce36d676df3160afd167f6135e946c59a64f11543a38d
ISO 7010 M017,ISO_7010_M017.svg,https://safetyforms.nl/pictograms/ISO_7010_M017.svg,c0d64e067409a18e1e21a92f3a1c49962d952286267931bee13c2bd8ef46b49d
ISO 7010 M018,ISO_7010_M018.svg,https://safetyforms.nl/pictograms/ISO_7010_M018.svg,8e98c070aff2927bde520ea0075525ba81234b25363121c9fa092e9d5fd24f44
ISO 7010 M019,ISO_7010_M019.svg,https://safetyforms.nl/pictograms/ISO_7010_M019.svg,57429c5a9ab9957305dee38bdb75be0a24626dcd410882e70a364cacf8222f6a
ISO 7010 M020,ISO_7010_M020.svg,https://safetyforms.nl/pictograms/ISO_7010_M020.svg,ed02047abb43e4142ccc8950891caeee45ae2cbe2e88bbbc53500b50bc048f70
ISO 7010 M021,ISO_7010_M021.svg,https://safetyforms.nl/pictograms/ISO_7010_M021.svg,b125823f186ea9b30120d110aca71d3eb5a01604c249f455222f734e9a9c585b
ISO 7010 M022,ISO_7010_M022.svg,https://safetyforms.nl/pictograms/ISO_7010_M022.svg,998bb276aa7ee251a396f7c3665ec388692e8eeacd1004be7d249edf719171d6
ISO 7010 M023,ISO_7010_M023.svg,https://safetyforms.nl/pictograms/ISO_7010_M023.svg,34fb69ffd9d18c679d1404336b490ec71d773a80210e4022ca477fa3bc172270
ISO 7010 M024,ISO_7010_M024.svg,https://safetyforms.nl/pictograms/ISO_7010_M024.svg,60c9e28b8112f6fe7dc33c0c5b5221bdc5d917ad3f3fb0c20e50e69abe4da98e
ISO 7010 M025,ISO_7010_M025.svg,https://safetyforms.nl/pictograms/ISO_7010_M025.svg,63b52ee1d3fd9e01953d8f7686f53ce32cfe4f7fc2d2475406c8dc5712471699
ISO 7010 M026,ISO_7010_M026.svg,https://safetyforms.nl/pictograms/ISO_7010_M026.svg,3dc78fef2732440264f403ffafa225b32bb9a675b41dd5f58af449245e889a1a
ISO 7010 M027,ISO_7010_M027.svg,https://safetyforms.nl/pictograms/ISO_7010_M027.svg,6eb27e6504ab54f60c46990cbedcf875fd6ab368555caa335336272bd8ee3188
ISO 7010 M028,ISO_7010_M028.svg,https://safetyforms.nl/pictograms/ISO_7010_M028.svg,2bd4c01dc2f00cbde10551f954b38f55b58b7ebc4414b7478fd599312681a3d5
ISO 7010 M029,ISO_7010_M029.svg,https://safetyforms.nl/pictograms/ISO_7010_M029.svg,c1d679e4fd6adfd40bc805df756b230a8bb89b08a6519c81a1d3a9224daa5611
ISO 7010 M030,ISO_7010_M030.svg,https://safetyforms.nl/pictograms/ISO_7010_M030.svg,bbc9d90aa70599a1400c57370e2ed45ceaca76ce6b117099b657a9494f19e715
ISO 7010 M031,ISO_7010_M031.svg,https://safetyforms.nl/pictograms/ISO_7010_M031.svg,bd0c906c485d763e10a28c79248aeb307a952b948b0d4c01f1dd6f5673be5cf8
ISO 7010 M032,ISO_7010_M032.svg,https://safetyforms.nl/pictograms/ISO_7010_M032.svg,ea9f0afad9de12d2300d7fa531db715aefc9638d04b8ed54a011e5d142cb3481
ISO 7010 M033,ISO_7010_M033.svg,https://safetyforms.nl/pictograms/ISO_7010_M033.svg,099a4ceeffe0a5662f25cce7440f8105a1af1140f8e6e538e1e9ececc02b367d
ISO 7010 M034,ISO_7010_M034.svg,https://safetyforms.nl/pictograms/ISO_7010_M034.svg,155dd76a7bdc2ddfd692ba099c97b5352ee5bba55b57127431507fd76f5c4fc2
ISO 7010 M035,ISO_7010_M035.svg,https://safetyforms.nl/pictograms/ISO_7010_M035.svg,aa9613f328b4b04e9ad535ce2504df7dfcb6ef052d0ba033ecdb1df0dbb06d01
ISO 7010 M036,ISO_7010_M036.svg,https://safetyforms.nl/pictograms/ISO_7010_M036.svg,18535c7471820702b6b328b2611398250fea25ad7438aafca12aa752e1ad4da2
ISO 7010 M037,ISO_7010_M037.svg,https://safetyforms.nl/pictograms/ISO_7010_M037.svg,bda0e12fff9ce092be0d197c0819c7c8577f0e1c0e5040e26fd6b2cf45328c1e
ISO 7010 M038,ISO_7010_M038.svg,https://safetyforms.nl/pictograms/ISO_7010_M038.svg,e6551a185788077822b0b15c920ac19dbae6167c8dbb8c2e611ed926f63b6ab6
ISO 7010 M039,ISO_7010_M039.svg,https://safetyforms.nl/pictograms/ISO_7010_M039.svg,eb27830c8f72376bb4e740d36bc9b7cebef328f24767094af26331df94a3da13
ISO 7010 M040,ISO_7010_M040.svg,https://safetyforms.nl/pictograms/ISO_7010_M040.svg,a4badf46acb8849c0a393b8fd627bb66f7bcf664367b90149f92012b635a72a3
ISO 7010 M041,ISO_7010_M041.svg,https://safetyforms.nl/pictograms/ISO_7010_M041.svg,63c0f03e6a5407ce56b8238b4ece8ae3418c78a695e9bff333b148c9eefb6c0c
ISO 7010 M042,ISO_7010_M042.svg,https://safetyforms.nl/pictograms/ISO_7010_M042.svg,039aee2cb7c3c9141ce17321c5e643531db2834a4fa97d8ca0cb4990dd69e2ec
ISO 7010 M043,ISO_7010_M043.svg,https://safetyforms.nl/pictograms/ISO_7010_M043.svg,0ec44f6a5db80a345a0341cf981619552f354955e15e51250b06c11cbdb608e9
ISO 7010 M044,ISO_7010_M044.svg,https://safetyforms.nl/pictograms/ISO_7010_M044.svg,e795aa8eef7a1514253fc3b2f993c7694c0b26f5b5c139cb0f7723e2cda79e7a
ISO 7010 M045,ISO_7010_M045.svg,https://safetyforms.nl/pictograms/ISO_7010_M045.svg,0f49f8418afa67be81306a3b1621358c576462c13cd1d4868075375e9c9d63c1
ISO 7010 M046,ISO_7010_M046.svg,https://safetyforms.nl/pictograms/ISO_7010_M046.svg,7a8ac7a6c75665c6f4350dc04ebb87b42cf2e79a10d973f0319fe20772ed4876
ISO 7010 M047,ISO_7010_M047.svg,https://safetyforms.nl/pictograms/ISO_7010_M047.svg,4a8d5eca78346df9ef9b77ca2d0bcfab96dad7872062611e6c24c564e0ab9570
ISO 7010 M048,ISO_7010_M048.svg,https://safetyforms.nl/pictograms/ISO_7010_M048.svg,956cc713569ce6c6a387f25b17c09aa7b3101fdb4fe00a5884b986fb6af73194
ISO 7010 M049,ISO_7010_M049.svg,https://safetyforms.nl/pictograms/ISO_7010_M049.svg,85b5eeef7301db064b3f4dcd472068599174c7731709eec9675f3c46036837e5
ISO 7010 M050,ISO_7010_M050.svg,https://safetyforms.nl/pictograms/ISO_7010_M050.svg,357a924ac6f20f7e52cc3eec531fa248dacb56e9e9e671abf767aa6e090bf89d
ISO 7010 M051,ISO_7010_M051.svg,https://safetyforms.nl/pictograms/ISO_7010_M051.svg,f955d9798df60c3e43f833bf64164cb6eb4955a412a901c59de1989f26aafa33
ISO 7010 M052,ISO_7010_M052.svg,https://safetyforms.nl/pictograms/ISO_7010_M052.svg,e14fc6a6f6b6d8b2a5f3b5e6ee976fef3a391250c59072f2a21c14916c6984a0
ISO 7010 M053,ISO_7010_M053.svg,https://safetyforms.nl/pictograms/ISO_7010_M053.svg,61122543b8ad824aba4d1bec1b9c02ba508ad22af9ca5f1b29ddad675e3eaf92
ISO 7010 M054,ISO_7010_M054.svg,https://safetyforms.nl/pictograms/ISO_7010_M054.svg,18ddf1b83df56cbdda81513b4efbcba54b32b6d2f0060999f56f6641d5a78118
ISO 7010 M055,ISO_7010_M055.svg,https://safetyforms.nl/pictograms/ISO_7010_M055.svg,94404a21ee483029a197187436d08f09ca848b88ca583cb366b29269f6bb896b
ISO 7010 M056,ISO_7010_M056.svg,https://safetyforms.nl/pictograms/ISO_7010_M056.svg,3640145a4e86cc2fa774fa6555f279542717d129d9523b4e8cd8f2e61ae8a747
ISO 7010 M057,ISO_7010_M057.svg,https://safetyforms.nl/pictograms/ISO_7010_M057.svg,722588f05b5913437a46c15623798c39fb32f4a7dea0470d7e7070dab8e77fe9
ISO 7010 M058,ISO_7010_M058.svg,https://safetyforms.nl/pictograms/ISO_7010_M058.svg,2a07aae9910f11edd059b2c62d6ed7920a8cf821ad03b1fc57b8d35febb561f5
ISO 7010 M059,ISO_7010_M059.svg,https://safetyforms.nl/pictograms/ISO_7010_M059.svg,6fde4d7745b3eb1c3e01edaf000f5deba25762628672a441a7f7e02bdaa7dd92
ISO 7010 M060,ISO_7010_M060.svg,https://safetyforms.nl/pictograms/ISO_7010_M060.svg,b512b3513b8f488a55235878d4ae8e4ca45538f2a88b2046d950ae8931da539c
ISO 7010 M061,ISO_7010_M061.svg,https://safetyforms.nl/pictograms/ISO_7010_M061.svg,695c12eb9e5ebb4d325f0d45f7a4475af98143af7f38ca2fe48f735183b30b76
ISO 7010 M062,ISO_7010_M062.svg,https://safetyforms.nl/pictograms/ISO_7010_M062.svg,a03e4c620284bc1dd4d4bef875108ea06a4fcce965a42f2167a5bb4e7bb4504e
ISO 7010 M068,ISO_7010_M068.svg,https://safetyforms.nl/pictograms/ISO_7010_M068.svg,ef00737e2c7a593814d410ced7a813f143e5ff04be47f1b8457152f1c7227bd2
ISO 7010 M069,ISO_7010_M069.svg,https://safetyforms.nl/pictograms/ISO_7010_M069.svg,b61eb6766c84229ffb61a9593dfdc22b42f61bdc7529a235217c54f7d0a5e1a5
ISO 7010 M070,ISO_7010_M070.svg,https://safetyforms.nl/pictograms/ISO_7010_M070.svg,2b0473a0987b29813723ada2c189fbab9ecedce4690ac7b82389c2af468b8d96
ISO 7010 M071,ISO_7010_M071.svg,https://safetyforms.nl/pictograms/ISO_7010_M071.svg,c6e24d5fc2bf00d75de18d8b31a4223302791a06ecea710f44d4cfa4cb446f34
ISO 7010 M072,ISO_7010_M072.svg,https://safetyforms.nl/pictograms/ISO_7010_M072.svg,02ca7df0c1a12f3cb1497ed03af9c91a258ce4f580a1f25c88990b7f22e91af7
ISO 7010 P001,ISO_7010_P001.svg,https://safetyforms.nl/pictograms/ISO_7010_P001.svg,c6371a09a987db64bfce7154990adb356b1545d079c8cce718e538eac58007f3
ISO 7010 P002,ISO_7010_P002.svg,https://safetyforms.nl/pictograms/ISO_7010_P002.svg,e934673e8088791f93b2d51836908345be29a739b79bd022d9a519d173701f75
ISO 7010 P003,ISO_7010_P003.svg,https://safetyforms.nl/pictograms/ISO_7010_P003.svg,f05de41b0d06063eaa63cbf76f4980f76f6509a120a193a06227986c9d16116e
ISO 7010 P004,ISO_7010_P004.svg,https://safetyforms.nl/pictograms/ISO_7010_P004.svg,1acb798c51908e87b43fda7a8dc1e7d52af44b2600e721db55f34634d2a2441c
ISO 7010 P005,ISO_7010_P005.svg,https://safetyforms.nl/pictograms/ISO_7010_P005.svg,eeb00e80f7575d3c7422d7ebbd04ced7809dd6433108ae98db43b9882f7b000a
ISO 7010 P006,ISO_7010_P006.svg,https://safetyforms.nl/pictograms/ISO_7010_P006.svg,d0e3de146cccae801c9c4c78b65909a4a4966b92b93a3a676c817507908727d7
ISO 7010 P007,ISO_7010_P007.svg,https://safetyforms.nl/pictograms/ISO_7010_P007.svg,19d4f9233e2d8eaec34f5a33987d71fc9bbcc280ed8adde8c411b40fbf0ebb03
ISO 7010 P008,ISO_7010_P008.svg,https://safetyforms.nl/pictograms/ISO_7010_P008.svg,11a2784a2b2f00c4b34c1b5de3f1fad45a1057fec381760396f1de357a6443c5
ISO 7010 P009,ISO_7010_P009.svg,https://safetyforms.nl/pictograms/ISO_7010_P009.svg,d3521c7f74eaf2b493a257e7dc2b6d2deec56bf47649a32e0a1701b3e23344de
ISO 7010 P010,ISO_7010_P010.svg,https://safetyforms.nl/pictograms/ISO_7010_P010.svg,7344821134e68ca4943f02453b14d573333dd30122fe5671fc73666a83ca0eab
ISO 7010 P011,ISO_7010_P011.svg,https://safetyforms.nl/pictograms/ISO_7010_P011.svg,94ded00521aca3591d23941f4e7d38b7254177dff6fce4b6a15b0a74a2c3a2f4
ISO 7010 P012,ISO_7010_P012.svg,https://safetyforms.nl/pictograms/ISO_7010_P012.svg,540f074fb9319c16028b32d92bb766542f38b2fe2826dd9b50b66108e39ea4e8
ISO 7010 P013,ISO_7010_P013.svg,https://safetyforms.nl/pictograms/ISO_7010_P013.svg,5a4fcb56723c8f20351ca79bcca43b53d8d49ef6bd0264d2cc65a4dba9995693
ISO 7010 P014,ISO_7010_P014.svg,https://safetyforms.nl/pictograms/ISO_7010_P014.svg,7757108f8325f94309e4b303e82bebf1e33a47a087327a09df51f057f73ee75a
ISO 7010 P015,ISO_7010_P015.svg,https://safetyforms.nl/pictograms/ISO_7010_P015.svg,33d112fb1f738b556c927c0538c274ced076c9ec7757e9221f65b90c2cbfdc56
ISO 7010 P016,ISO_7010_P016.svg,https://safetyforms.nl/pictograms/ISO_7010_P016.svg,d82ba6ad24dee29e161e3b65ec6148e05cf88b8b6986a16628895281d75a4665
ISO 7010 P017,ISO_7010_P017.svg,https://safetyforms.nl/pictograms/ISO_7010_P017.svg,2022f41ac5e62be232f63d8fe7409d9e07aa9513df29475771424733568e9d02
ISO 7010 P018,ISO_7010_P018.svg,https://safetyforms.nl/pictograms/ISO_7010_P018.svg,bb73e5abe5fda672cedaf2ea82e4db6344ba14a80b27547ab8edb76392c89687
ISO 7010 P019,ISO_7010_P019.svg,https://safetyforms.nl/pictograms/ISO_7010_P019.svg,6f299558497e0c2c2c4919885cb3394f3ccbb82fddbe615951bcf6ca68d4f753
ISO 7010 P020,ISO_7010_P020.svg,https://safetyforms.nl/pictograms/ISO_7010_P020.svg,f400cf5886d08fb532262b9399d3ecfddec3f1f070b4459e86e044c5f6f4bd7a
ISO 7010 P021,ISO_7010_P021.svg,https://safetyforms.nl/pictograms/ISO_7010_P021.svg,4a5ab56878952c2a8d366992c29f673025fa8d58a92f101f768ace78e38b7eed
ISO 7010 P022,ISO_7010_P022.svg,https://safetyforms.nl/pictograms/ISO_7010_P022.svg,b52c221d22d75d27eed30a7559d01bb3b5a7c2995ce70f91e43f273e0fd14517
ISO 7010 P023,ISO_7010_P023.svg,https://safetyforms.nl/pictograms/ISO_7010_P023.svg,6f41fd1035374f0f699e7df372ef228c30e851feea9ac0ef3fef18292b221c06
ISO 7010 P024,ISO_7010_P024.svg,https://safetyforms.nl/pictograms/ISO_7010_P024.svg,390cd43bd9014bfcbfa0af70814986d033b0fb17bbac9738bbb85f89f4cf24fd
ISO 7010 P025,ISO_7010_P025.svg,https://safetyforms.nl/pictograms/ISO_7010_P025.svg,aeae330d233d32f3152f1cfeea31a1d4b524825574b0e6084f01db71a1bacaa6
ISO 7010 P026,ISO_7010_P026.svg,https://safetyforms.nl/pictograms/ISO_7010_P026.svg,ad1d9970ed6674400f45ba1d3bc94b97b22e21440bf427a530c6c12aede266b7
ISO 7010 P027,ISO_7010_P027.svg,https://safetyforms.nl/pictograms/ISO_7010_P027.svg,3225e5f9aafcd36be3069514c2187559d52742fd1354ec9b59e5c8d143d34c86
ISO 7010 P028,ISO_7010_P028.svg,https://safetyforms.nl/pictograms/ISO_7010_P028.svg,b2894e10630d65f3ba526205f1995487a9dcb5bc284a531e1c583c8f6f20ad62
ISO 7010 P029,ISO_7010_P029.svg,https://safetyforms.nl/pictograms/ISO_7010_P029.svg,e455667f80648ca3acf1f0842b60dd1ab0a35a0a9243e38dd06a0ee3af35533a
ISO 7010 P030,ISO_7010_P030.svg,https://safetyforms.nl/pictograms/ISO_7010_P030.svg,6f7101e4fc1721d7b50453fa24f64c6015f91df39fed92238e38d1d2b72c964e
ISO 7010 P031,ISO_7010_P031.svg,https://safetyforms.nl/pictograms/ISO_7010_P031.svg,c229772e6947108a819487e202514534997234cf48c39ea8adcd0de291468d9a
ISO 7010 P032,ISO_7010_P032.svg,https://safetyforms.nl/pictograms/ISO_7010_P032.svg,9c0fb20825d75bfb225a963866e5506e6c0e0bee41e1fb4e6dd4a6244ce3fe6f
ISO 7010 P033,ISO_7010_P033.svg,https://safetyforms.nl/pictograms/ISO_7010_P033.svg,3c89204f43ed119f72505f53de0034506bd428b63ec2f34c841c09a3b03b8473
ISO 7010 P034,ISO_7010_P034.svg,https://safetyforms.nl/pictograms/ISO_7010_P034.svg,39b1935c793afe1d8e17301df1ceac49bc0f3d9c079241e56d8c1bf92a8401d3
ISO 7010 P035,ISO_7010_P035.svg,https://safetyforms.nl/pictograms/ISO_7010_P035.svg,08a31416752b4d251e86e2b13a5968e5590c82225c92ec1a7a7a69e6e3c9d5b4
ISO 7010 P036,ISO_7010_P036.svg,https://safetyforms.nl/pictograms/ISO_7010_P036.svg,69f391c44ecda8cf4eadf4393d7119d7e87677857f7093a2fe2ebbdea592fb96
ISO 7010 P037,ISO_7010_P037.svg,https://safetyforms.nl/pictograms/ISO_7010_P037.svg,fc810800b6ab26edc0a0edb85046bf965ffac3ff583c189d9d356afc588ef43c
ISO 7010 P038,ISO_7010_P038.svg,https://safetyforms.nl/pictograms/ISO_7010_P038.svg,392a0faa0b490367dc636af39ad20fd62f376cd7c092fac5685ca5f2132eaf9b
ISO 7010 P039,ISO_7010_P039.svg,https://safetyforms.nl/pictograms/ISO_7010_P039.svg,b9c9cfbdd44feebd6074292fa9f30dd3b4f8c6de33e7074d7f1a92f45bba60a3
ISO 7010 P040,ISO_7010_P040.svg,https://safetyforms.nl/pictograms/ISO_7010_P040.svg,da20fe7d4710fea29aa34292243543cd85ece34edddb56c251f2bcd6a836b407
ISO 7010 P041,ISO_7010_P041.svg,https://safetyforms.nl/pictograms/ISO_7010_P041.svg,80cfae53b6bc3bba387960228b7c470a77d9a788ddea05e68476f914d8eba033
ISO 7010 P042,ISO_7010_P042.svg,https://safetyforms.nl/pictograms/ISO_7010_P042.svg,4da512aa79ba9bba2077e86f8b1abaa5cdad3796452d72a810a9e34b31b351b2
ISO 7010 P043,ISO_7010_P043.svg,https://safetyforms.nl/pictograms/ISO_7010_P043.svg,e39887ad4c02ce0f6c4e29f1191592a09f1a8f539c7935860ddebca63da60024
ISO 7010 P044,ISO_7010_P044.svg,https://safetyforms.nl/pictograms/ISO_7010_P044.svg,3990af5ba0428dc8cf5a9610b44f46f8fbf4a9c46ef7aa6a364e6dfa5901baa3
ISO 7010 P045,ISO_7010_P045.svg,https://safetyforms.nl/pictograms/ISO_7010_P045.svg,e788b9724cb1e6f5a8f883d9790a226d9f7d386d8df364ae46e4acc4c8542a1d
ISO 7010 P046,ISO_7010_P046.svg,https://safetyforms.nl/pictograms/ISO_7010_P046.svg,02e5e398d1ea5149ee32e236254ee6ffcb93470ab7fe4f08a6d72c42e67eee40
ISO 7010 P047,ISO_7010_P047.svg,https://safetyforms.nl/pictograms/ISO_7010_P047.svg,4e19dd918b705e9617545b50efa6b95c0879b1f6c1a696b0512407970f3eeabf
ISO 7010 P048,ISO_7010_P048.svg,https://safetyforms.nl/pictograms/ISO_7010_P048.svg,3f9dffa3a6d798d054ddfc5a7ab880fa97ad11b2d8e2c0a8a21b6b03416239de
ISO 7010 P049,ISO_7010_P049.svg,https://safetyforms.nl/pictograms/ISO_7010_P049.svg,cc298b12e2c2265f107a2171375e44016cc2d125e92d23a3015dac796300d9a4
ISO 7010 P050,ISO_7010_P050.svg,https://safetyforms.nl/pictograms/ISO_7010_P050.svg,5f57adfbe0494ebaacb82e699fc4973912440747eca95d7d64a0da4f9a9899a3
ISO 7010 P051,ISO_7010_P051.svg,https://safetyforms.nl/pictograms/ISO_7010_P051.svg,549218a5ede0892381f73c66a694a5024b13ec013544141e70185bf60818a4ad
ISO 7010 P052,ISO_7010_P052.svg,https://safetyforms.nl/pictograms/ISO_7010_P052.svg,592bd5d9900ba248cfd7f2a11caf879dba01029e3bcb1ffb70b10caf8b49665c
ISO 7010 P053,ISO_7010_P053.svg,https://safetyforms.nl/pictograms/ISO_7010_P053.svg,bd3796b3f29ea3a37bcf2e9d0f60028309d4406f8443e1d8c99134442cfa929c
ISO 7010 P054,ISO_7010_P054.svg,https://safetyforms.nl/pictograms/ISO_7010_P054.svg,88b842c37029506bedefd09e21215e3ff59d92325c7d547a6f62fd4c96c846df
ISO 7010 P055,ISO_7010_P055.svg,https://safetyforms.nl/pictograms/ISO_7010_P055.svg,7576f71f2725ab11ebc9b8abe39a278b6b801200a7c946db2e73e279ec9fd473
ISO 7010 P056,ISO_7010_P056.svg,https://safetyforms.nl/pictograms/ISO_7010_P056.svg,1ee0d5f23de537a783a0755e14e29d7668ff2b1050719fa5f3630a2d0e836467
ISO 7010 P057,ISO_7010_P057.svg,https://safetyforms.nl/pictograms/ISO_7010_P057.svg,8868f6085ed3c984e56ed82a1c21f6946e1139012d9691e6f3a955d5e19aa18e
ISO 7010 P058,ISO_7010_P058.svg,https://safetyforms.nl/pictograms/ISO_7010_P058.svg,3d3134e0dfdaceb770aa3d9678ea5134134753fc8cd433a188a3226f47c4723c
ISO 7010 P059,ISO_7010_P059.svg,https://safetyforms.nl/pictograms/ISO_7010_P059.svg,6c25bac3272fe248f632f86674ac7aa36bca21bbabdd1f7efa88e68c3d8d08ba
ISO 7010 P060,ISO_7010_P060.svg,https://safetyforms.nl/pictograms/ISO_7010_P060.svg,4aaf122fadf42aa93f0c43b1139029b98a5adb67b70f9cc51010c6e759da84d1
ISO 7010 P061,ISO_7010_P061.svg,https://safetyforms.nl/pictograms/ISO_7010_P061.svg,1e5281c1d01126624d04e8516c37f7501cee36c499a43bbd0fc332623d414d21
ISO 7010 P062,ISO_7010_P062.svg,https://safetyforms.nl/pictograms/ISO_7010_P062.svg,b53e4d1108c0de7a7f8007e3923637838055dff0c6835d6ce4821643452ab639
ISO 7010 P063,ISO_7010_P063.svg,https://safetyforms.nl/pictograms/ISO_7010_P063.svg,e75b057def4b526bd2f4ff786a0f4abe627417ec0f96428b5506ff14edef31a5
ISO 7010 P064,ISO_7010_P064.svg,https://safetyforms.nl/pictograms/ISO_7010_P064.svg,d2432827004618f9767e6d767fa50b94ad4f85695423b6d1b95fcca8de68d2da
ISO 7010 P065,ISO_7010_P065.svg,https://safetyforms.nl/pictograms/ISO_7010_P065.svg,497e421627b837b2535ffa813dcfb7a8d2fcf5f7c9ba5d33570587d0c6e5922e
ISO 7010 P066,ISO_7010_P066.svg,https://safetyforms.nl/pictograms/ISO_7010_P066.svg,bbc6b935aa8a2087aa264cdac63d8af224aa9536ee5f665a719de40d4a9bff06
ISO 7010 P067,ISO_7010_P067.svg,https://safetyforms.nl/pictograms/ISO_7010_P067.svg,0442056d832cc27a2f2e6b56e3d2d441fc84d93325a4bad34a31215447b5a7bd
ISO 7010 P068,ISO_7010_P068.svg,https://safetyforms.nl/pictograms/ISO_7010_P068.svg,5c223e04afa774c728e263e4d14b16e7fbfa0b19a2caeee2ba2ffa387195c68c
ISO 7010 P069,ISO_7010_P069.svg,https://safetyforms.nl/pictograms/ISO_7010_P069.svg,01862875f826ea7c3a04de07e1e0fd4326346fc813fd7438dfb62ad2ca4ce27c
ISO 7010 P070,ISO_7010_P070.svg,https://safetyforms.nl/pictograms/ISO_7010_P070.svg,0d622dd05713eceee84d6d628426315eb9cd01959942f9dc3fd2698a6645da05
ISO 7010 P071,ISO_7010_P071.svg,https://safetyforms.nl/pictograms/ISO_7010_P071.svg,11f5d6e64ce0194bad8ea9da6e67eb1b51b39735ca8afc84f2e2669fc3d3fdca
ISO 7010 P072,ISO_7010_P072.svg,https://safetyforms.nl/pictograms/ISO_7010_P072.svg,160ce63664221af0ea0127eed1355e2841ff0376ecd2252d79c8af70af0aa00b
ISO 7010 P073,ISO_7010_P073.svg,https://safetyforms.nl/pictograms/ISO_7010_P073.svg,53a7a5ff599850df39e36e79651708d947b071a1799cebf777a420200d9c92db
ISO 7010 P074,ISO_7010_P074.svg,https://safetyforms.nl/pictograms/ISO_7010_P074.svg,5f71d2407699fe63a601bcc2e485fc912fe881cefc7b0f16040df0bb0a73c403
ISO 7010 P075,ISO_7010_P075.svg,https://safetyforms.nl/pictograms/ISO_7010_P075.svg,b7d169a4776faea0795925fa2599344098964379e881b3069cdfc54bef136daa
ISO 7010 P080,ISO_7010_P080.svg,https://safetyforms.nl/pictograms/ISO_7010_P080.svg,36de32805cbbb5321a3d73827065061754768c0482734ccf6076e2fd7e3babb7
ISO 7010 P081,ISO_7010_P081.svg,https://safetyforms.nl/pictograms/ISO_7010_P081.svg,c2e320dfe2d8b8effa1d06f5eea29bd74abfca41c576ea485aa81ce93a04547f
ISO 7010 W001,ISO_7010_W001.svg,https://safetyforms.nl/pictograms/ISO_7010_W001.svg,e0422e803c2b5f8aba5b680278ef514efd6e356d73c745dcc20fc9ab8e8a6fd1
ISO 7010 W002,ISO_7010_W002.svg,https://safetyforms.nl/pictograms/ISO_7010_W002.svg,c63c94bfc59fb427ef2e110d056bfb6a47743eeeaef5079f31c98dcb206e163f
ISO 7010 W003,ISO_7010_W003.svg,https://safetyforms.nl/pictograms/ISO_7010_W003.svg,8d73041843d260217994e7adbddaa24c3ea0271a936cbe235304667999a7ef73
ISO 7010 W004,ISO_7010_W004.svg,https://safetyforms.nl/pictograms/ISO_7010_W004.svg,0ca999c9b96c186434d258044b58a412aa2e0486ac62b9325ddef77fdba8d71b
ISO 7010 W005,ISO_7010_W005.svg,https://safetyforms.nl/pictograms/ISO_7010_W005.svg,e7d28654258c011d506dacf44c453cc6ead626c5b2fae8c0c3c916bb78fe0d2e
ISO 7010 W006,ISO_7010_W006.svg,https://safetyforms.nl/pictograms/ISO_7010_W006.svg,c964226f6d0e6453b5f7202336a914097e2b37461105fc42e839842473cafc3e
ISO 7010 W007,ISO_7010_W007.svg,https://safetyforms.nl/pictograms/ISO_7010_W007.svg,8b8f69e0007aab957f5e75e320b4b44da9a60b4968bff6e48345f9d0293ad273
ISO 7010 W008,ISO_7010_W008.svg,https://safetyforms.nl/pictograms/ISO_7010_W008.svg,5d7b2e468a67c010dd32f95f6c25c9a948188c5ffcdfeebe3b39312cc4cafeaf
ISO 7010 W009,ISO_7010_W009.svg,https://safetyforms.nl/pictograms/ISO_7010_W009.svg,b35f1b674db608967e08d22092124a7664e84c546f307f2e5ebd68214285ea66
ISO 7010 W010,ISO_7010_W010.svg,https://safetyforms.nl/pictograms/ISO_7010_W010.svg,8d3fa12a1395d55f8ba77082820aed08092a9a82373d86278c08cc76c679669c
ISO 7010 W011,ISO_7010_W011.svg,https://safetyforms.nl/pictograms/ISO_7010_W011.svg,ae70a980b2862f91b80408fcd48343b4c427b5039f26e934899c65b62df86067
ISO 7010 W012,ISO_7010_W012.svg,https://safetyforms.nl/pictograms/ISO_7010_W012.svg,105ede2fa7d6fe70ccff708a0c26eb9b098bee442316fbdf885c20378337a18f
ISO 7010 W013,ISO_7010_W013.svg,https://safetyforms.nl/pictograms/ISO_7010_W013.svg,69dbc15f2f7db1b54461fc031951c55e2a9ead08d51f4339839c0de17a0a7f5a
ISO 7010 W014,ISO_7010_W014.svg,https://safetyforms.nl/pictograms/ISO_7010_W014.svg,903157c47cfbb9b5cd48ff30b9bd89d5fc132aee3faabe5c914ed7a7d92dbe92
ISO 7010 W015,ISO_7010_W015.svg,https://safetyforms.nl/pictograms/ISO_7010_W015.svg,1738f10d69ed2be6d56baed0d86c17dc5220c27675d09fe44831a48a7fe90997
ISO 7010 W016,ISO_7010_W016.svg,https://safetyforms.nl/pictograms/ISO_7010_W016.svg,4a882da20851565a6b405996b934971daf9d3120c6e47b293aa944468f098e16
ISO 7010 W017,ISO_7010_W017.svg,https://safetyforms.nl/pictograms/ISO_7010_W017.svg,a771ce317b64ec4c535f360963d1f4b261103720e149874277c73c43e043f28e
ISO 7010 W018,ISO_7010_W018.svg,https://safetyforms.nl/pictograms/ISO_7010_W018.svg,6be017a88605758ef86091a2e661c691fbb14469a2efd93588b6d7c4c22b55a3
ISO 7010 W019,ISO_7010_W019.svg,https://safetyforms.nl/pictograms/ISO_7010_W019.svg,1daef6d995c59e06baf9f0aef548bedc39f99e628fb521be58bbf7b67ef70ab3
ISO 7010 W020,ISO_7010_W020.svg,https://safetyforms.nl/pictograms/ISO_7010_W020.svg,d71ccd1d6669881807c0fc734c909fdc1bf5f3e72a4212801c551828586087f9
ISO 7010 W021,ISO_7010_W021.svg,https://safetyforms.nl/pictograms/ISO_7010_W021.svg,1db080475f7172f710426eacb6b172cc16e3d4c38260318dcb591cc46590f59f
ISO 7010 W022,ISO_7010_W022.svg,https://safetyforms.nl/pictograms/ISO_7010_W022.svg,9342744dfd22de710f414e759b530df95ffd945ab57b2122df8a2a080eb0d849
ISO 7010 W023,ISO_7010_W023.svg,https://safetyforms.nl/pictograms/ISO_7010_W023.svg,1f45a81d918ff853eb9aa41411bec15f969187abc91ba758d2ddc41eb2f8210b
ISO 7010 W024,ISO_7010_W024.svg,https://safetyforms.nl/pictograms/ISO_7010_W024.svg,49d2c4b96fad2056f3a3524affe1946ba2cbd5f687ae562f00774eb36e6295fc
ISO 7010 W025,ISO_7010_W025.svg,https://safetyforms.nl/pictograms/ISO_7010_W025.svg,84d168f68c3c0ae8a6353182021c51e3ba88d875b426412730f85bb9b132a0a6
ISO 7010 W026,ISO_7010_W026.svg,https://safetyforms.nl/pictograms/ISO_7010_W026.svg,2ae91216d2bd2a568d36c691b4a320199ebeab2f26ab3bf2e18dc3502878123f
ISO 7010 W027,ISO_7010_W027.svg,https://safetyforms.nl/pictograms/ISO_7010_W027.svg,e0034b73cf192854e9b913c9988a4393b9145edf94a9e9ca4e0c0a11a8fbb393
ISO 7010 W028,ISO_7010_W028.svg,https://safetyforms.nl/pictograms/ISO_7010_W028.svg,be135de621e808c491e59b06ee519d759cb4b25410b3ccf10943304c0240ada4
ISO 7010 W029,ISO_7010_W029.svg,https://safetyforms.nl/pictograms/ISO_7010_W029.svg,0ae1f69fa6e5d86b5803793f3f4467c2878827cced7943d7eef433cf1aa1ab6a
ISO 7010 W030,ISO_7010_W030.svg,https://safetyforms.nl/pictograms/ISO_7010_W030.svg,c77771f621a292b8fd4139f32367e94548773a5962c3d6fdff76e8d462437fef
ISO 7010 W031,ISO_7010_W031.svg,https://safetyforms.nl/pictograms/ISO_7010_W031.svg,6533fc34194aa2e89594cf4f7447e3bd2e7ab893b0c4f1ca43afe204d7301b08
ISO 7010 W032,ISO_7010_W032.svg,https://safetyforms.nl/pictograms/ISO_7010_W032.svg,3323c704aeae959c53f2f87bbd43d7bd40171d23cf86a3f9806834e9d46cdd39
ISO 7010 W033,ISO_7010_W033.svg,https://safetyforms.nl/pictograms/ISO_7010_W033.svg,1786936390930073ecab07aeff836677f5f5a1718cd989ced5d7a6fdda8c58ea
ISO 7010 W034,ISO_7010_W034.svg,https://safetyforms.nl/pictograms/ISO_7010_W034.svg,acfc9e49422ab3854706924c661ac61991100187767596b1562ce598d8d46ca9
ISO 7010 W035,ISO_7010_W035.svg,https://safetyforms.nl/pictograms/ISO_7010_W035.svg,043a624aaebabba6e8b8ef94982e2e9b94b8789cca0514b805c41817bde36f7d
ISO 7010 W036,ISO_7010_W036.svg,https://safetyforms.nl/pictograms/ISO_7010_W036.svg,a53687f0a510e06ffef4b27ee41b069b7ef0b712b33a7f7c82655763e78d7a1b
ISO 7010 W037,ISO_7010_W037.svg,https://safetyforms.nl/pictograms/ISO_7010_W037.svg,b97db7a9fef31db2bd836fe7d010042da44d8693574692fcba7c4ea10c47592f
ISO 7010 W038,ISO_7010_W038.svg,https://safetyforms.nl/pictograms/ISO_7010_W038.svg,0042042a5566fcf19059feb84c1effe766c2a5617499098140f601a62d7bae0a
ISO 7010 W039,ISO_7010_W039.svg,https://safetyforms.nl/pictograms/ISO_7010_W039.svg,c33ad5eae79ee5d52918115d322d3cf52ada2aeccc509211f74b9848816b24da
ISO 7010 W040,ISO_7010_W040.svg,https://safetyforms.nl/pictograms/ISO_7010_W040.svg,a698e0c178b33c375607839c334f0f443dd4158bdbdf572df71c24614a845226
ISO 7010 W041,ISO_7010_W041.svg,https://safetyforms.nl/pictograms/ISO_7010_W041.svg,9647090f5499eaec54870ecfe63e4db2fbe74eeb771d956fd8fa823c69590ee9
ISO 7010 W042,ISO_7010_W042.svg,https://safetyforms.nl/pictograms/ISO_7010_W042.svg,e6b8ad934a317a11ceb970fa1d690c4d11768793c5ca5bc77ef3e2f67afdd7ab
ISO 7010 W043,ISO_7010_W043.svg,https://safetyforms.nl/pictograms/ISO_7010_W043.svg,5c7bffc93e6b582b66f5d206ad1b689acdfee614acc96218ba95f817e03a4351
ISO 7010 W044,ISO_7010_W044.svg,https://safetyforms.nl/pictograms/ISO_7010_W044.svg,4241fa70379c392e233b2078b7677132998bc76dc55d637cd199f813637c461a
ISO 7010 W045,ISO_7010_W045.svg,https://safetyforms.nl/pictograms/ISO_7010_W045.svg,f2dece102f512d69f9afaa99ba6c4c2f7c68a2c43d6a2f739d73bca76094b9ab
ISO 7010 W046,ISO_7010_W046.svg,https://safetyforms.nl/pictograms/ISO_7010_W046.svg,37457bd57abf3cdf28db42abc1ab254e5c8fd0d552ba2f20ab560a355dfcddcf
ISO 7010 W047,ISO_7010_W047.svg,https://safetyforms.nl/pictograms/ISO_7010_W047.svg,269b46bed8e058b29932f4a534c76b6d132375509e76d135f0239ff699a4ac1e
ISO 7010 W048,ISO_7010_W048.svg,https://safetyforms.nl/pictograms/ISO_7010_W048.svg,02f66a9a95a28e586196dcaeda8cddfa67b91421f49d79b218ea818b325b9f01
ISO 7010 W049,ISO_7010_W049.svg,https://safetyforms.nl/pictograms/ISO_7010_W049.svg,b5c18c6e3758720f73a3ea23b8fef3c68e0a8e5cc09d08dad8f4372c7754766d
ISO 7010 W050,ISO_7010_W050.svg,https://safetyforms.nl/pictograms/ISO_7010_W050.svg,74eed0b6ee1dcec829193b0c2c2abd7b92bce5138861e51c3d72d55239faac7f
ISO 7010 W051,ISO_7010_W051.svg,https://safetyforms.nl/pictograms/ISO_7010_W051.svg,e80d0da6c1df8538b5813fc4198a924acc00bda75f603201901a746c5ff3bb51
ISO 7010 W052,ISO_7010_W052.svg,https://safetyforms.nl/pictograms/ISO_7010_W052.svg,21fecca27c9e17453d0aa988da1425d496f789761e427993d647d5eefa33b56d
ISO 7010 W053,ISO_7010_W053.svg,https://safetyforms.nl/pictograms/ISO_7010_W053.svg,8a8150db53ea19c92a5b9bc08604301bcd288e53ef00b2ae24be8808925ba88b
ISO 7010 W054,ISO_7010_W054.svg,https://safetyforms.nl/pictograms/ISO_7010_W054.svg,d1a1cf7cb63d275431da48c2d81099de98e1e7081f0c59885f3b33cae896c5b8
ISO 7010 W055,ISO_7010_W055.svg,https://safetyforms.nl/pictograms/ISO_7010_W055.svg,2e419460af51b528387d2f8cf4cc647afb0dd5d8dcefa88a3d47226a7100895f
ISO 7010 W056,ISO_7010_W056.svg,https://safetyforms.nl/pictograms/ISO_7010_W056.svg,f225cb73e16431d3ede63240d3a1c1571b093a5a4a55b67d9c1c81c9ab0f0e62
ISO 7010 W057,ISO_7010_W057.svg,https://safetyforms.nl/pictograms/ISO_7010_W057.svg,4d930f00cdaea1cb1e1cec13b847b79268a18d63577cccd1a5a6fd6b52f9f282
ISO 7010 W058,ISO_7010_W058.svg,https://safetyforms.nl/pictograms/ISO_7010_W058.svg,483970f55e59f8080a72af10336345a15ef79c8bd8cfde7498ceec7b86df2aea
ISO 7010 W059,ISO_7010_W059.svg,https://safetyforms.nl/pictograms/ISO_7010_W059.svg,639610588aace89c02bf5d29f5dd36cd278da7b67e3d25e6516082100bccea1b
ISO 7010 W060,ISO_7010_W060.svg,https://safetyforms.nl/pictograms/ISO_7010_W060.svg,58bf5f95adca41e016d2747eb98e3340fced81091501c0595afc9e4f66d0375c
ISO 7010 W061,ISO_7010_W061.svg,https://safetyforms.nl/pictograms/ISO_7010_W061.svg,72ec8d791a5039a8e962acfbfe709985f6907da9461343788d632551066e84be
ISO 7010 W062,ISO_7010_W062.svg,https://safetyforms.nl/pictograms/ISO_7010_W062.svg,3b16b3d695c91a3afcd6a53576cc618c92c7e447429cc15d17aa8dee33d3eea5
ISO 7010 W063,ISO_7010_W063.svg,https://safetyforms.nl/pictograms/ISO_7010_W063.svg,7387c4d174dd8c7ed638360b7d24b9bfce3d72108ec6be7755632f504b9dfd08
ISO 7010 W064,ISO_7010_W064.svg,https://safetyforms.nl/pictograms/ISO_7010_W064.svg,1d610dd51103ceee4d0a2ef9c86ee3ae56a7655d5c10dbb978bad6e2442d4fc2
ISO 7010 W065,ISO_7010_W065.svg,https://safetyforms.nl/pictograms/ISO_7010_W065.svg,89d9cdf9043ab3828abcfd1b3a833f79323980c52cd6de1261497c370ff44e51
ISO 7010 W066,ISO_7010_W066.svg,https://safetyforms.nl/pictograms/ISO_7010_W066.svg,0c0c4ab5dc7a50996c56206d63b1c677a9c951882802b09eb34da51a1510d696
ISO 7010 W067,ISO_7010_W067.svg,https://safetyforms.nl/pictograms/ISO_7010_W067.svg,274bed4fd2ad23fd193c907050af26e52a751aff97b5547f8daf3b7768be0353
ISO 7010 W068,ISO_7010_W068.svg,https://safetyforms.nl/pictograms/ISO_7010_W068.svg,3ab391b4069332f49ae6e0aef69c59307aacd26ee3d319f675bbafae83df6bd0
ISO 7010 W069,ISO_7010_W069.svg,https://safetyforms.nl/pictograms/ISO_7010_W069.svg,dcf19c9f5a3058633aa0bbc2223d3a07892b778518d079828ec02097eddcccb2
ISO 7010 W070,ISO_7010_W070.svg,https://safetyforms.nl/pictograms/ISO_7010_W070.svg,fda86a3d187e5d0b8d8e64350bdf7eb771c62fc8ab88f7011771d8c6123b1189
ISO 7010 W071,ISO_7010_W071.svg,https://safetyforms.nl/pictograms/ISO_7010_W071.svg,57c2881d7735ff416c8e5b6d36b799bda5fd47ed2e9a2efd08dc54fb2cdc35d8
ISO 7010 W072,ISO_7010_W072.svg,https://safetyforms.nl/pictograms/ISO_7010_W072.svg,117dccc65c0340527f9e4bf70fa86bc3e28bbeb631b7cb12a91a4379d177f32b
ISO 7010 W073,ISO_7010_W073.svg,https://safetyforms.nl/pictograms/ISO_7010_W073.svg,6d12802478547258b83a96f03ac45f37e668ffa8836ffe6bfe435f2d9a6a193b
ISO 7010 W074,ISO_7010_W074.svg,https://safetyforms.nl/pictograms/ISO_7010_W074.svg,442ea48235f110ce131d1d19247883f039f93c6016eca6bd25867fbe182e900d
ISO 7010 W075,ISO_7010_W075.svg,https://safetyforms.nl/pictograms/ISO_7010_W075.svg,d31cfcf44c99f3d7b5c569bc40a1f93088c073fe3674a226f6379796a9bde39b
ISO 7010 W076,ISO_7010_W076.svg,https://safetyforms.nl/pictograms/ISO_7010_W076.svg,1d4b9a1859a1c3c95265f13bd61ed09af60ee9e9391a1a8060e5f144418faebc
ISO 7010 W077,ISO_7010_W077.svg,https://safetyforms.nl/pictograms/ISO_7010_W077.svg,8f859936fdf18af300720fc99e02f15fb276da5becc52a32ca240de37da96c10
ISO 7010 W078,ISO_7010_W078.svg,https://safetyforms.nl/pictograms/ISO_7010_W078.svg,4c1022a40c99a40d8d99a2eeb83efa0e27615d53240e889a2501b29782428a7c
ISO 7010 W079,ISO_7010_W079.svg,https://safetyforms.nl/pictograms/ISO_7010_W079.svg,fb1f882fb7876a3b9a916910e5c2e3183af53777a982dc0349db2dd170306e7f
ISO 7010 W080,ISO_7010_W080.svg,https://safetyforms.nl/pictograms/ISO_7010_W080.svg,b93038d63803a6c0516d28420c639cbc912a61ba3a641ea130f8a485409895c9
ISO 7010 W087,ISO_7010_W087.svg,https://safetyforms.nl/pictograms/ISO_7010_W087.svg,beecd0ae92a5ca82b98ffd7a9640d9a551fa78a1a2b14a0523de680ed3880d86
ISO 7010 W088,ISO_7010_W088.svg,https://safetyforms.nl/pictograms/ISO_7010_W088.svg,50215f47360a9dfe025b9ecca730f9b59cfec2e724d489708a1496075d16c7a9
ISO 7010 W089,ISO_7010_W089.svg,https://safetyforms.nl/pictograms/ISO_7010_W089.svg,250474c4476f18af3fad7623e3d271ea14c390ccdb053bf281c4b7b0e2de3c39
